,precision,recall,f1-score,support
0,0.8300395256916996,0.6501547987616099,0.7291666666666666,323.0
1,0.8119800332778702,0.9190207156308852,0.8621908127208481,531.0
accuracy,0.8173302107728337,0.8173302107728337,0.8173302107728337,0.8173302107728337
macro avg,0.8210097794847848,0.7845877571962475,0.7956787396937574,854.0
weighted avg,0.8188104970362622,0.8173302107728337,0.811878401508318,854.0
